사고번호,사고일시,요일,시군구,사고내용,사망자수,중상자수,경상자수,부상신고자수,사고유형,법규위반,노면상태,기상상태,도로형태,가해운전자 차종,가해운전자 성별,가해운전자 연령,가해운전자 상해정도,피해운전자 차종,피해운전자 성별,피해운전자 연령,피해운전자 상해정도
2019010100100324,2019년 1월 1일 21시,화요일,강원도 횡성군 안흥면,경상사고,0,0,1,0,차대차 - 측면충돌,안전운전불이행,건조,맑음,기타 - 기타,승용,남,47세,상해없음,승합,남,51세,상해없음
2019010300100383,2019년 1월 3일 18시,목요일,경기도 수원시 영통구 이의동,경상사고,0,0,2,0,차대차 - 측면충돌,신호위반,건조,맑음,단일로 - 터널,승용,여,29세,상해없음,화물,남,63세,경상
2019010600100078,2019년 1월 6일 06시,일요일,경기도 여주시 가남읍,중상사고,0,4,6,0,차대차 - 추돌,안전운전불이행,건조,맑음,단일로 - 기타,승용,남,35세,상해없음,승용,남,56세,경상
2019010800100353,2019년 1월 8일 16시,화요일,경기도 시흥시 월곶동,경상사고,0,0,1,0,차대차 - 측면충돌,차로위반,건조,맑음,단일로 - 교량,승용,남,23세,상해없음,승용,여,52세,경상
2019011000100035,2019년 1월 10일 01시,목요일,경기도 용인시 처인구 고림동,사망사고,1,2,1,0,차대사람 - 기타,안전운전불이행,건조,맑음,단일로 - 기타,화물,남,54세,상해없음,보행자,남,56세,사망
2019011000100067,2019년 1월 10일 06시,목요일,경기도 수원시 장안구 하광교동,중상사고,0,1,0,0,차대차 - 기타,안전운전불이행,건조,맑음,단일로 - 기타,기타불명,기타불명,미분류,기타불명,승용,남,52세,중상
2019011200100188,2019년 1월 12일 10시,토요일,경기도 군포시 둔대동,중상사고,0,1,1,0,차대차 - 기타,안전운전불이행,건조,맑음,단일로 - 기타,승용,여,53세,상해없음,승용,남,40세,중상
2019011300100168,2019년 1월 13일 12시,일요일,강원도 평창군 봉평면,경상사고,0,0,3,0,차대차 - 추돌,안전운전불이행,건조,맑음,단일로 - 기타,승용,남,32세,상해없음,승용,남,38세,상해없음
2019011400100097,2019년 1월 14일 06시,월요일,경기도 안산시 단원구 선부동,중상사고,0,1,1,0,차대차 - 추돌,안전운전불이행,젖음/습기,맑음,단일로 - 교량,승용,남,43세,상해없음,화물,남,58세,중상
2019011400100445,2019년 1월 14일 18시,월요일,경기도 수원시 장안구 파장동,중상사고,0,1,0,0,차대차 - 측면충돌,안전운전불이행,건조,맑음,단일로 - 기타,승용,남,56세,상해없음,승용,남,28세,중상
2019011700100082,2019년 1월 17일 06시,목요일,경기도 이천시 대월면,중상사고,0,1,1,0,차대차 - 추돌,안전운전불이행,건조,맑음,단일로 - 기타,화물,남,25세,경상,화물,남,70세,중상
2019011800100135,2019년 1월 18일 08시,금요일,경기도 시흥시 월곶동,부상신고사고,0,0,0,2,차대차 - 기타,안전운전불이행,건조,맑음,단일로 - 기타,승용,남,32세,상해없음,승용,남,30세,부상신고
2019012000100317,2019년 1월 20일 17시,일요일,경기도 시흥시 거모동,중상사고,0,1,0,0,차대차 - 추돌,안전거리미확보,건조,맑음,단일로 - 기타,승용,여,41세,기타불명,승용,남,50세,중상
2019012200100278,2019년 1월 22일 12시,화요일,경기도 용인시 처인구 유방동,경상사고,0,0,1,0,차대차 - 기타,안전운전불이행,건조,맑음,단일로 - 기타,화물,남,46세,상해없음,화물,여,32세,경상
2019012300100176,2019년 1월 23일 09시,수요일,경기도 수원시 장안구 파장동,경상사고,0,0,1,0,차대차 - 기타,안전운전불이행,젖음/습기,맑음,단일로 - 기타,승용,남,38세,상해없음,승용,남,32세,경상
2019012400100233,2019년 1월 24일 12시,목요일,경기도 의왕시 삼동,경상사고,0,0,2,0,차대차 - 기타,안전운전불이행,건조,맑음,단일로 - 기타,승용,남,57세,상해없음,승용,남,25세,경상
2019012400100507,2019년 1월 24일 20시,목요일,경기도 이천시 호법면,경상사고,0,0,1,0,차대차 - 기타,안전거리미확보,건조,맑음,단일로 - 기타,승용,남,58세,상해없음,승용,남,52세,경상
2019012500100077,2019년 1월 25일 06시,금요일,경기도 용인시 처인구 유방동,경상사고,0,0,1,0,차대차 - 추돌,안전운전불이행,건조,맑음,단일로 - 기타,승용,남,26세,상해없음,화물,남,21세,경상
2019012700100035,2019년 1월 27일 01시,일요일,강원도 평창군 용평면,경상사고,0,0,2,0,차대차 - 측면충돌,안전운전불이행,건조,맑음,단일로 - 기타,승용,남,45세,상해없음,승용,여,47세,경상
2019012800100486,2019년 1월 28일 16시,월요일,경기도 시흥시 월곶동,경상사고,0,0,1,0,차대차 - 측면충돌,차로위반,건조,맑음,단일로 - 교량,승용,남,53세,상해없음,화물,남,45세,경상
2019013000100122,2019년 1월 30일 09시,수요일,경기도 이천시 호법면,중상사고,0,2,0,0,차대차 - 추돌,안전운전불이행,건조,맑음,단일로 - 기타,화물,남,24세,상해없음,승용,남,76세,중상
2019020200100123,2019년 2월 2일 06시,토요일,경기도 용인시 처인구 양지면,경상사고,0,0,2,0,차대차 - 기타,안전운전불이행,건조,맑음,단일로 - 기타,승용,남,30세,상해없음,승용,남,42세,경상
2019020400100026,2019년 2월 4일 00시,월요일,경기도 여주시 가남읍,경상사고,0,0,2,0,차량단독 - 공작물충돌,안전운전불이행,건조,맑음,단일로 - 기타,승용,남,46세,경상,,,,
2019020400100047,2019년 2월 4일 01시,월요일,경기도 안산시 단원구 선부동,경상사고,0,0,1,0,차대차 - 측면충돌,안전운전불이행,건조,맑음,단일로 - 교량,승용,남,54세,상해없음,승용,남,61세,경상
2019020500100140,2019년 2월 5일 13시,화요일,경기도 용인시 기흥구 동백동,경상사고,0,0,5,0,차대차 - 기타,안전거리미확보,건조,맑음,단일로 - 기타,승용,여,27세,상해없음,기타불명,기타불명,미분류,기타불명
2019020600100306,2019년 2월 6일 20시,수요일,강원도 원주시 문막읍,경상사고,0,0,1,0,차대사람 - 기타,안전운전불이행,건조,맑음,주차장 - 주차장,기타불명,기타불명,미분류,기타불명,보행자,여,22세,경상
2019020700100058,2019년 2월 7일 03시,목요일,경기도 군포시 대야미동,경상사고,0,0,1,0,차대차 - 기타,안전운전불이행,건조,맑음,단일로 - 기타,승용,남,63세,상해없음,승용,여,40세,경상
2019020900100340,2019년 2월 9일 18시,토요일,경기도 용인시 기흥구 신갈동,경상사고,0,0,2,1,차대차 - 기타,안전운전불이행,건조,맑음,단일로 - 기타,승용,남,67세,상해없음,승용,남,39세,경상
2019021100100136,2019년 2월 11일 09시,월요일,경기도 이천시 호법면,경상사고,0,0,2,0,차대차 - 추돌,안전운전불이행,건조,맑음,단일로 - 기타,승합,남,63세,상해없음,승용,여,39세,경상
2019021800100096,2019년 2월 18일 07시,월요일,경기도 용인시 기흥구 언남동,경상사고,0,0,4,0,차대차 - 추돌,안전거리미확보,건조,맑음,단일로 - 터널,승용,여,26세,경상,승합,남,51세,경상
2019021900100162,2019년 2월 19일 09시,화요일,강원도 원주시 문막읍,경상사고,0,0,1,0,차대차 - 측면충돌,안전운전불이행,젖음/습기,비,단일로 - 기타,화물,남,46세,상해없음,화물,남,51세,상해없음
2019022000100090,2019년 2월 20일 07시,수요일,경기도 의왕시 삼동,경상사고,0,0,1,0,차대차 - 기타,안전운전불이행,건조,맑음,단일로 - 기타,기타불명,기타불명,미분류,기타불명,승용,남,40세,경상
2019022100100186,2019년 2월 21일 10시,목요일,경기도 용인시 처인구 유방동,경상사고,0,0,2,0,차대차 - 측면충돌,안전운전불이행,건조,맑음,단일로 - 기타,특수,여,48세,경상,승용,남,47세,경상
2019022200100300,2019년 2월 22일 14시,금요일,경기도 군포시 대야미동,경상사고,0,0,1,0,차대차 - 추돌,안전운전불이행,건조,맑음,단일로 - 기타,승용,여,44세,상해없음,승용,남,45세,경상
2019022200100504,2019년 2월 22일 20시,금요일,경기도 용인시 기흥구 청덕동,경상사고,0,0,1,0,차대차 - 측면충돌,안전거리미확보,건조,맑음,단일로 - 기타,승용,남,60세,상해없음,승용,남,32세,경상
2019022300100112,2019년 2월 23일 06시,토요일,강원도 횡성군 둔내면,경상사고,0,0,2,0,차대차 - 후진중충돌,안전운전불이행,건조,맑음,기타 - 기타,화물,남,63세,상해없음,승용,남,28세,경상
2019022500100223,2019년 2월 25일 11시,월요일,인천광역시 남동구 서창동,부상신고사고,0,0,0,1,차대차 - 측면충돌,안전운전불이행,건조,맑음,단일로 - 교량,화물,남,58세,상해없음,화물,남,27세,부상신고
2019022700100109,2019년 2월 27일 08시,수요일,경기도 수원시 장안구 송죽동,중상사고,0,2,1,0,차대차 - 추돌,안전거리미확보,건조,맑음,단일로 - 터널,승용,남,35세,중상,승용,여,60세,경상
2019022700100311,2019년 2월 27일 15시,수요일,경기도 군포시 둔대동,경상사고,0,0,1,0,차대차 - 추돌,안전운전불이행,건조,맑음,단일로 - 기타,승용,여,26세,상해없음,승용,남,34세,경상
2019022800100465,2019년 2월 28일 18시,목요일,인천광역시 남동구 서창동,부상신고사고,0,0,0,1,차대차 - 추돌,안전거리미확보,건조,맑음,단일로 - 교량,특수,남,43세,상해없음,승용,여,27세,부상신고
2019030200100175,2019년 3월 2일 12시,토요일,강원도 횡성군 둔내면,경상사고,0,0,3,1,차대차 - 추돌,안전거리미확보,건조,맑음,단일로 - 기타,승용,남,37세,상해없음,승용,남,38세,부상신고
2019030200100235,2019년 3월 2일 14시,토요일,강원도 횡성군 안흥면,경상사고,0,0,1,0,차대차 - 후진중충돌,안전운전불이행,건조,맑음,주차장 - 주차장,승용,남,20세,상해없음,승용,남,33세,경상
2019030400100548,2019년 3월 4일 23시,월요일,강원도 원주시 지정면,중상사고,0,1,3,0,차대차 - 측면충돌,과속,건조,맑음,단일로 - 기타,승용,남,54세,경상,승용,남,58세,경상
2019030700100068,2019년 3월 7일 05시,목요일,경기도 군포시 둔대동,중상사고,0,1,0,0,차대차 - 추돌,안전운전불이행,건조,맑음,단일로 - 기타,승용,남,29세,상해없음,승용,여,37세,중상
2019030800100222,2019년 3월 8일 10시,금요일,경기도 용인시 처인구 유방동,중상사고,0,1,0,0,차대차 - 기타,안전운전불이행,건조,맑음,단일로 - 기타,화물,남,51세,상해없음,승용,남,35세,중상
2019030800100329,2019년 3월 8일 12시,금요일,경기도 시흥시 월곶동,경상사고,0,0,1,0,차대차 - 측면충돌,차로위반,건조,맑음,단일로 - 교량,화물,남,56세,상해없음,승용,남,45세,경상
2019030800100543,2019년 3월 8일 18시,금요일,경기도 수원시 영통구 이의동,경상사고,0,0,2,0,차대차 - 측면충돌,안전운전불이행,건조,맑음,단일로 - 기타,화물,남,53세,상해없음,승용,남,41세,경상
2019030800100644,2019년 3월 8일 20시,금요일,경기도 군포시 둔대동,부상신고사고,0,0,0,1,차대차 - 측면충돌,안전운전불이행,건조,맑음,단일로 - 기타,기타불명,기타불명,미분류,기타불명,승용,여,44세,부상신고
2019030900100196,2019년 3월 9일 10시,토요일,경기도 용인시 처인구 유방동,경상사고,0,0,1,2,차대차 - 추돌,안전운전불이행,건조,맑음,단일로 - 기타,승용,남,26세,부상신고,특수,남,35세,경상
2019030900100479,2019년 3월 9일 18시,토요일,경기도 의왕시 삼동,경상사고,0,0,4,0,차대차 - 추돌,안전거리미확보,건조,맑음,단일로 - 기타,승용,남,33세,상해없음,승용,남,47세,경상
2019031000100250,2019년 3월 10일 15시,일요일,경기도 용인시 처인구 남사면,경상사고,0,0,2,0,차대차 - 기타,안전거리미확보,건조,맑음,단일로 - 기타,승용,남,73세,상해없음,승용,남,26세,경상
2019031000100308,2019년 3월 10일 17시,일요일,경기도 군포시 둔대동,경상사고,0,0,1,0,차대차 - 측면충돌,안전거리미확보,건조,맑음,단일로 - 기타,승용,남,21세,상해없음,승용,여,54세,경상
2019031000100323,2019년 3월 10일 17시,일요일,경기도 안산시 단원구 선부동,중상사고,0,1,0,0,차대차 - 측면충돌,차로위반,건조,맑음,단일로 - 교량,승용,남,26세,상해없음,승용,남,54세,중상
2019031400100055,2019년 3월 14일 03시,목요일,경기도 수원시 장안구 파장동,부상신고사고,0,0,0,1,차량단독 - 공작물충돌,안전운전불이행,건조,맑음,단일로 - 기타,화물,남,32세,부상신고,,,,
2019031400100628,2019년 3월 14일 23시,목요일,경기도 의왕시 삼동,경상사고,0,0,2,0,차대차 - 추돌,안전운전불이행,건조,맑음,단일로 - 기타,승용,남,32세,상해없음,승용,여,44세,경상
2019031500100135,2019년 3월 15일 08시,금요일,경기도 안산시 상록구 부곡동,부상신고사고,0,0,0,1,차대차 - 기타,안전운전불이행,건조,맑음,단일로 - 기타,건설기계,남,46세,상해없음,화물,남,48세,상해없음
2019031500100378,2019년 3월 15일 15시,금요일,인천광역시 남동구 서창동,부상신고사고,0,0,0,2,차대차 - 측면충돌,안전거리미확보,건조,맑음,단일로 - 교량,승용,남,59세,부상신고,승용,남,36세,부상신고
2019031500100623,2019년 3월 15일 20시,금요일,강원도 평창군 봉평면,중상사고,0,2,3,1,차대차 - 기타,안전운전불이행,적설,눈,단일로 - 기타,승합,남,47세,상해없음,승용,남,32세,부상신고
2019031600100203,2019년 3월 16일 10시,토요일,강원도 강릉시 성산면,경상사고,0,0,2,0,차대차 - 추돌,안전운전불이행,건조,맑음,단일로 - 기타,화물,남,59세,상해없음,승용,여,33세,경상
2019031700100083,2019년 3월 17일 04시,일요일,강원도 횡성군 우천면,부상신고사고,0,0,0,1,차대차 - 추돌,안전운전불이행,건조,맑음,단일로 - 기타,화물,남,57세,상해없음,승용,남,60세,부상신고
2019031700100338,2019년 3월 17일 16시,일요일,경기도 여주시 가남읍,중상사고,0,1,5,1,차대차 - 추돌,안전운전불이행,건조,맑음,단일로 - 기타,승용,남,53세,상해없음,승용,남,33세,경상
2019032100100187,2019년 3월 21일 09시,목요일,경기도 수원시 장안구 하광교동,사망사고,1,0,0,0,차량단독 - 기타,안전운전불이행,건조,맑음,단일로 - 터널,특수,남,68세,사망,,,,
2019032100100621,2019년 3월 21일 22시,목요일,경기도 시흥시 거모동,경상사고,0,0,2,0,차대차 - 추돌,안전운전불이행,건조,맑음,단일로 - 교량,승용,남,36세,상해없음,승용,남,56세,경상
2019032200100304,2019년 3월 22일 14시,금요일,경기도 수원시 장안구 파장동,중상사고,0,1,3,0,차대차 - 추돌,안전운전불이행,건조,맑음,단일로 - 기타,화물,남,59세,상해없음,화물,남,45세,경상
2019032300100140,2019년 3월 23일 08시,토요일,인천광역시 남동구 논현동,경상사고,0,0,5,0,차대차 - 추돌,안전운전불이행,건조,맑음,단일로 - 기타,승용,남,52세,상해없음,승용,남,67세,경상
2019032300100152,2019년 3월 23일 09시,토요일,강원도 평창군 용평면,중상사고,0,2,0,0,차대차 - 기타,안전거리미확보,건조,맑음,단일로 - 기타,승합,남,53세,상해없음,승용,남,49세,중상
2019032500100020,2019년 3월 25일 00시,월요일,경기도 이천시 마장면,중상사고,0,1,0,0,차량단독 - 기타,기타,건조,맑음,단일로 - 기타,승용,남,63세,상해없음,,,,
2019032500100109,2019년 3월 25일 08시,월요일,경기도 이천시 호법면,중상사고,0,1,0,0,차대차 - 측면충돌,안전거리미확보,건조,맑음,단일로 - 기타,승용,여,52세,상해없음,승용,여,37세,중상
2019032700100167,2019년 3월 27일 09시,수요일,경기도 수원시 영통구 영통동,중상사고,0,1,0,0,차대차 - 측면충돌,안전운전불이행,건조,맑음,단일로 - 기타,건설기계,남,72세,상해없음,승용,남,51세,중상
2019032700100204,2019년 3월 27일 10시,수요일,강원도 원주시 문막읍,경상사고,0,0,1,0,차대차 - 기타,안전거리미확보,건조,맑음,단일로 - 기타,승용,남,58세,상해없음,승용,남,62세,경상
2019032800100249,2019년 3월 28일 11시,목요일,인천광역시 남동구 남촌동,경상사고,0,0,1,0,차대차 - 측면충돌,안전거리미확보,건조,맑음,단일로 - 교량,승용,남,72세,상해없음,승용,여,30세,경상
2019032800100525,2019년 3월 28일 19시,목요일,경기도 여주시 점봉동,중상사고,0,1,0,0,차대사람 - 기타,안전운전불이행,건조,맑음,단일로 - 기타,기타불명,기타불명,미분류,기타불명,보행자,남,39세,중상
2019033000100442,2019년 3월 30일 15시,토요일,강원도 평창군 진부면,경상사고,0,0,2,0,차대차 - 측면충돌,차로위반,건조,맑음,단일로 - 기타,승용,여,31세,상해없음,승용,여,48세,경상
2019033000100444,2019년 3월 30일 15시,토요일,경기도 여주시 가남읍,경상사고,0,0,3,0,차대차 - 추돌,안전운전불이행,젖음/습기,맑음,단일로 - 기타,승용,남,53세,상해없음,승용,여,32세,경상
2019040200100251,2019년 4월 2일 10시,화요일,경기도 시흥시 죽율동,경상사고,0,0,2,0,차대차 - 측면충돌,안전운전불이행,건조,맑음,단일로 - 교량,건설기계,남,30세,경상,승용,남,57세,경상
2019040200100441,2019년 4월 2일 16시,화요일,경기도 수원시 장안구 하광교동,부상신고사고,0,0,0,1,차대차 - 추돌,안전거리미확보,건조,맑음,단일로 - 기타,승용,남,67세,부상신고,화물,남,67세,상해없음
2019040200100541,2019년 4월 2일 18시,화요일,경기도 시흥시 월곶동,경상사고,0,0,1,0,차대차 - 측면충돌,차로위반,건조,맑음,단일로 - 기타,화물,남,64세,상해없음,승용,여,30세,경상
2019040500100244,2019년 4월 5일 12시,금요일,경기도 의왕시 삼동,중상사고,0,1,1,1,차대차 - 추돌,안전운전불이행,건조,맑음,단일로 - 기타,승용,남,21세,상해없음,승용,여,35세,중상
2019040600100230,2019년 4월 6일 11시,토요일,경기도 용인시 처인구 삼가동,경상사고,0,0,4,0,차대차 - 추돌,안전운전불이행,건조,맑음,단일로 - 터널,화물,남,57세,상해없음,승용,남,34세,경상
2019040700100428,2019년 4월 7일 19시,일요일,경기도 여주시 가남읍,경상사고,0,0,1,0,차대차 - 측면충돌,기타,건조,맑음,단일로 - 기타,승용,남,35세,상해없음,승용,여,33세,경상
2019040700100466,2019년 4월 7일 20시,일요일,인천광역시 남동구 논현동,경상사고,0,0,1,0,차대차 - 측면충돌,안전거리미확보,건조,맑음,단일로 - 기타,승용,남,58세,상해없음,승용,남,28세,경상
2019041100100236,2019년 4월 11일 11시,목요일,경기도 이천시 호법면,중상사고,0,1,4,0,차대차 - 측면충돌,안전거리미확보,건조,맑음,단일로 - 기타,승용,여,38세,경상,승용,여,44세,중상
2019041300100526,2019년 4월 13일 18시,토요일,경기도 용인시 처인구 양지면,중상사고,0,1,4,3,차대차 - 추돌,안전거리미확보,건조,맑음,단일로 - 기타,승합,남,71세,상해없음,승합,남,67세,상해없음
2019041500100041,2019년 4월 15일 01시,월요일,인천광역시 남동구 서창동,경상사고,0,0,3,0,차대차 - 정면충돌,중앙선침범,건조,맑음,단일로 - 기타,승용,남,62세,상해없음,승용,남,39세,경상
2019041500100352,2019년 4월 15일 14시,월요일,경기도 수원시 장안구 하광교동,중상사고,0,1,0,0,차대차 - 추돌,안전운전불이행,건조,맑음,단일로 - 기타,승용,남,45세,상해없음,건설기계,여,57세,기타불명
2019041700100534,2019년 4월 17일 19시,수요일,경기도 용인시 기흥구 마북동,중상사고,0,1,3,6,차대차 - 추돌,안전운전불이행,건조,맑음,단일로 - 기타,화물,남,54세,부상신고,승용,여,40세,경상
2019041900100419,2019년 4월 19일 16시,금요일,경기도 용인시 처인구 포곡읍,중상사고,0,2,0,0,차대차 - 기타,안전운전불이행,건조,맑음,단일로 - 기타,승용,남,51세,상해없음,승용,여,63세,중상
2019042000100683,2019년 4월 20일 23시,토요일,강원도 평창군 진부면,경상사고,0,0,2,0,차대차 - 측면충돌,안전운전불이행,건조,맑음,단일로 - 기타,승용,남,51세,상해없음,승용,여,53세,경상
2019042200100046,2019년 4월 22일 04시,월요일,경기도 시흥시 월곶동,중상사고,0,1,0,0,차대차 - 추돌,안전거리미확보,건조,맑음,단일로 - 교량,화물,남,59세,중상,특수,남,69세,상해없음
2019042300100074,2019년 4월 23일 07시,화요일,경기도 수원시 영통구 하동,경상사고,0,0,1,0,차대차 - 기타,안전운전불이행,건조,맑음,단일로 - 기타,화물,남,45세,상해없음,승용,남,46세,경상
2019042400100675,2019년 4월 24일 23시,수요일,인천광역시 남동구 서창동,경상사고,0,0,1,0,차대차 - 추돌,안전운전불이행,건조,맑음,단일로 - 기타,승합,남,33세,상해없음,승합,남,38세,경상
2019042700100216,2019년 4월 27일 10시,토요일,경기도 용인시 처인구 포곡읍,경상사고,0,0,1,0,차대차 - 추돌,안전운전불이행,건조,맑음,단일로 - 기타,승용,남,55세,상해없음,승용,남,38세,경상
2019043000100058,2019년 4월 30일 04시,화요일,경기도 용인시 수지구 상현동,사망사고,1,0,0,0,차대사람 - 차도통행중,안전운전불이행,건조,맑음,단일로 - 기타,화물,남,52세,상해없음,보행자,남,59세,사망
2019050200100182,2019년 5월 2일 09시,목요일,경기도 수원시 영통구 영통동,경상사고,0,0,1,0,차대차 - 측면충돌,안전거리미확보,건조,맑음,단일로 - 기타,승용,여,47세,상해없음,특수,남,47세,경상
2019050500100422,2019년 5월 5일 17시,일요일,경기도 여주시 가남읍,경상사고,0,0,1,0,차대차 - 기타,안전거리미확보,건조,맑음,단일로 - 기타,승합,남,42세,상해없음,승용,남,48세,경상
2019051100100216,2019년 5월 11일 10시,토요일,경기도 용인시 처인구 남사면,경상사고,0,0,2,0,차대차 - 기타,안전운전불이행,건조,맑음,단일로 - 기타,승용,남,29세,상해없음,승용,남,43세,상해없음
2019051100100446,2019년 5월 11일 15시,토요일,강원도 원주시 문막읍,경상사고,0,0,1,0,차대차 - 측면충돌,안전거리미확보,건조,맑음,단일로 - 기타,승용,남,67세,상해없음,특수,여,49세,경상
2019051100100535,2019년 5월 11일 17시,토요일,경기도 안산시 상록구 부곡동,경상사고,0,0,2,0,차대차 - 추돌,안전거리미확보,건조,맑음,단일로 - 기타,승용,남,55세,상해없음,승용,남,22세,경상
2019051300100379,2019년 5월 13일 15시,월요일,경기도 수원시 장안구 파장동,경상사고,0,0,1,0,차대차 - 기타,안전운전불이행,건조,맑음,단일로 - 지하차도(도로)내,승용,남,47세,경상,화물,남,53세,상해없음
2019051400100460,2019년 5월 14일 17시,화요일,경기도 안산시 상록구 부곡동,중상사고,0,1,0,0,차대차 - 추돌,안전운전불이행,건조,맑음,단일로 - 기타,화물,남,22세,상해없음,승용,여,54세,중상
2019051600100076,2019년 5월 16일 03시,목요일,경기도 수원시 영통구 영통동,중상사고,0,2,1,0,차대차 - 추돌,안전운전불이행,건조,맑음,단일로 - 기타,승용,남,34세,중상,화물,남,58세,경상
2019051700100037,2019년 5월 17일 01시,금요일,경기도 여주시 가남읍,경상사고,0,0,2,0,차대차 - 기타,안전거리미확보,건조,맑음,단일로 - 기타,화물,남,34세,경상,특수,남,64세,경상
2019051700100486,2019년 5월 17일 17시,금요일,경기도 안산시 단원구 선부동,경상사고,0,0,1,0,차대차 - 기타,안전거리미확보,건조,맑음,단일로 - 기타,화물,남,28세,상해없음,승용,여,54세,경상
2019051700100648,2019년 5월 17일 21시,금요일,강원도 평창군 대관령면,경상사고,0,0,1,0,차대차 - 측면충돌,차로위반,건조,맑음,단일로 - 기타,화물,남,53세,상해없음,승용,여,37세,경상
2019051800100067,2019년 5월 18일 01시,토요일,경기도 이천시 호법면,사망사고,1,0,1,0,차대차 - 추돌,안전운전불이행,건조,맑음,단일로 - 기타,승용,남,43세,사망,화물,남,63세,경상
2019051800100068,2019년 5월 18일 01시,토요일,경기도 수원시 영통구 하동,중상사고,0,1,1,0,차대차 - 추돌,안전운전불이행,건조,맑음,단일로 - 기타,화물,남,46세,중상,화물,남,55세,경상
2019051800100122,2019년 5월 18일 04시,토요일,경기도 수원시 영통구 이의동,부상신고사고,0,0,0,1,차대차 - 추돌,안전운전불이행,건조,맑음,단일로 - 기타,특수,남,59세,상해없음,승용,남,29세,부상신고
2019051800100632,2019년 5월 18일 21시,토요일,경기도 수원시 영통구 이의동,중상사고,0,1,1,0,차대차 - 측면충돌,안전운전불이행,건조,맑음,단일로 - 터널,승용,여,43세,상해없음,승용,남,43세,중상
2019052000100206,2019년 5월 20일 10시,월요일,강원도 평창군 용평면,경상사고,0,0,1,0,차대차 - 측면충돌,안전운전불이행,건조,맑음,기타 - 기타,승용,여,54세,상해없음,승용,남,26세,경상
2019052000100271,2019년 5월 20일 12시,월요일,경기도 용인시 처인구 양지면,부상신고사고,0,0,0,2,차대차 - 측면충돌,안전운전불이행,건조,맑음,단일로 - 기타,승용,남,24세,부상신고,화물,남,52세,부상신고
2019052500100412,2019년 5월 25일 15시,토요일,경기도 여주시 가남읍,경상사고,0,0,1,0,차대차 - 기타,안전운전불이행,건조,맑음,단일로 - 기타,화물,남,40세,상해없음,승용,남,66세,경상
2019052500100449,2019년 5월 25일 16시,토요일,경기도 이천시 호법면,중상사고,0,4,0,0,차대차 - 측면충돌,안전거리미확보,건조,맑음,단일로 - 기타,화물,남,39세,상해없음,승용,여,61세,중상
2019052600100326,2019년 5월 26일 15시,일요일,강원도 횡성군 둔내면,경상사고,0,0,2,0,차대차 - 측면충돌,안전운전불이행,건조,맑음,단일로 - 기타,승용,남,32세,상해없음,승용,남,29세,경상
2019052700100082,2019년 5월 27일 06시,월요일,경기도 용인시 기흥구 동백동,중상사고,0,1,0,1,차대차 - 기타,안전거리미확보,젖음/습기,비,단일로 - 기타,승용,남,62세,부상신고,화물,남,57세,중상
2019053000100321,2019년 5월 30일 13시,목요일,강원도 평창군 대관령면,경상사고,0,0,2,0,차대차 - 기타,안전거리미확보,건조,맑음,단일로 - 기타,승용,여,33세,상해없음,승용,여,45세,경상
2019053100100326,2019년 5월 31일 13시,금요일,경기도 용인시 기흥구 동백동,경상사고,0,0,1,0,차대차 - 기타,안전거리미확보,건조,맑음,단일로 - 기타,승용,여,23세,상해없음,화물,남,37세,경상
2019060100100565,2019년 6월 1일 21시,토요일,경기도 이천시 호법면,중상사고,0,1,0,0,차대차 - 추돌,안전운전불이행,건조,맑음,단일로 - 기타,화물,남,63세,상해없음,승용,남,77세,중상